<?xml version="1.0" encoding="utf-8"?>
<feed xmlns="http://www.w3.org/2005/Atom">

  <title><![CDATA[Category: Mysql | 博客]]></title>
  <link href="http://gonjay.github.io/blog/categories/mysql/atom.xml" rel="self"/>
  <link href="http://gonjay.github.io/"/>
  <updated>2014-11-18T23:04:08+08:00</updated>
  <id>http://gonjay.github.io/</id>
  <author>
    <name><![CDATA[GonJay]]></name>
    
  </author>
  <generator uri="http://octopress.org/">Octopress</generator>

  
  <entry>
    <title type="html"><![CDATA[Rails 自定义Rake Task 来备份和恢复数据库]]></title>
    <link href="http://gonjay.github.io/blog/2014/02/25/rails-zi-ding-yi-ni-de-rake-task-lai-bei-fen-he-hui-fu-ni-de-shu-ju-ku/"/>
    <updated>2014-02-25T13:00:35+08:00</updated>
    <id>http://gonjay.github.io/blog/2014/02/25/rails-zi-ding-yi-ni-de-rake-task-lai-bei-fen-he-hui-fu-ni-de-shu-ju-ku</id>
    <content type="html"><![CDATA[<p>打开Rakefile，添加</p>

<pre><code class="ruby">namespace :db do
 task :backup do
   system "mysqldump --opt --user=root raiderboard &gt; backup.sql"
 end


 task :restore do
   system "mysql --user=root raiderboard &lt; backup.sql"
 end

end
</code></pre>

<p>然后在命令行输入<code>rake db:backup</code>就能获得一份sql备份文件，git/svn commit这份sql文件，到服务端git pull下来，然后输入<code>rake db:restore</code>便能恢复你本地的数据库到服务端的数据库了。</p>

<h3>查看数据库大小</h3>

<p>1 进去指定schema 数据库（存放了其他的数据库的信息）</p>

<pre><code>mysql&gt; use information_schema;
Database changed
</code></pre>

<p>2 查询所有数据的大小</p>

<pre><code>mysql&gt; select concat(round(sum(DATA_LENGTH/1024/1024), 2), 'MB')
-&gt; as data from TABLES;  
+-----------+
| data      |
+-----------+
| 6674.48MB |
+-----------+
1 row in set (16.81 sec)
</code></pre>

<p>3 查看指定数据库实例的大小，比如说数据库 forexpert</p>

<pre><code>mysql&gt; select concat(round(sum(DATA_LENGTH/1024/1024), 2), 'MB')
-&gt; as data from TABLES where table_schema='forexpert';
+-----------+
| data      |
+-----------+
| 6542.30MB |
+-----------+
1 row in set (7.47 sec)
</code></pre>

<p>4 查看指定数据库的表的大小，比如说数据库 forexpert 中的 member 表</p>

<pre><code>mysql&gt; select concat(round(sum(DATA_LENGTH/1024/1024),2),'MB') as data
-&gt; from TABLES where table_schema='forexpert'
-&gt; and table_name='member';
+--------+
| data   |
+--------+
| 2.52MB |
+--------+
1 row in set (1.88 sec)
</code></pre>
]]></content>
  </entry>
  
  <entry>
    <title type="html"><![CDATA[Mac下用Terminal玩mysql]]></title>
    <link href="http://gonjay.github.io/blog/2014/02/23/mac-xia-yong-terminal-wan-mysql/"/>
    <updated>2014-02-23T19:28:08+08:00</updated>
    <id>http://gonjay.github.io/blog/2014/02/23/mac-xia-yong-terminal-wan-mysql</id>
    <content type="html"><![CDATA[<h3>安装</h3>

<pre><code>brew install mysql
</code></pre>

<h3>启动</h3>

<pre><code>mysql.server start
</code></pre>

<p>然后再输入</p>

<pre><code>mysql
</code></pre>

<p>不然会出现</p>

<pre><code>ERROR 2002 (HY000): Can't connect to local MySQL server through socket '/tmp/mysql.sock' (2)
</code></pre>

<p>的错误。屡试不爽！</p>

<h3>基本命令</h3>

<p>在输入<code>mysql</code>之后，就连到MySQL了。</p>

<ul>
<li><p>使用SHOW语句找出在服务器上当前存在什么数据库：</p>

<p>  mysql> <code>SHOW DATABASES;</code></p></li>
<li><p>创建一个数据库MYSQLDATA</p>

<p>  mysql> <code>CREATE DATABASE MYSQLDATA;</code></p></li>
<li><p>选择你所创建的数据库</p>

<p>  mysql> <code>USE MYSQLDATA;</code> (按回车键出现Database changed 时说明操作成功！)</p></li>
<li><p>查看现在的数据库中存在什么表</p>

<p>  mysql> <code>SHOW TABLES;</code></p></li>
<li><p>创建一个数据库表</p>

<p>  mysql> <code>CREATE TABLE MYTABLE (name VARCHAR(20), sex CHAR(1));</code></p></li>
<li><p>显示表的结构：</p>

<p>  mysql> <code>DESCRIBE MYTABLE;</code></p></li>
<li><p>往表中加入记录</p>

<p>  mysql> <code>insert into MYTABLE values (”hyq”,”M”);</code></p></li>
<li><p>用文本方式将数据装入数据库表中（例如D:/mysql.txt）</p>

<p>  mysql> <code>LOAD DATA LOCAL INFILE “D:/mysql.txt” INTO TABLE MYTABLE;</code></p></li>
<li><p>导入.sql文件命令（例如D:/mysql.sql）</p>

<p>  mysql><code>use database;</code></p>

<p>  mysql><code>source d:/mysql.sql;</code></p></li>
<li><p>删除表</p>

<p>  mysql><code>drop TABLE MYTABLE;</code></p></li>
<li><p>清空表</p>

<p>  mysql><code>delete from MYTABLE;</code></p></li>
<li><p>更新表中数据</p>

<p>  mysql><code>update MYTABLE set sex=”f” where name=’hyq’;</code></p></li>
<li><p>新建一个名为houston的用户，拥有houston数据库下的权限</p>

<p>  mysql><code>grant create,select,insert,update,delete on houston.* to houston@localhost Identified by "";</code></p></li>
</ul>


<h3>如何支持中文</h3>

<p>我不明白MySQL为何不默认utf-8，也许是等着被一众NoSql干掉吧</p>

<pre><code>CREATE DATABASE `test`
CHARACTER SET 'utf8'
COLLATE 'utf8_general_ci';
</code></pre>
]]></content>
  </entry>
  
</feed>
